CustomerID,InvoiceNo,InvoiceDate,Quantity,UnitPrice
1102,51638,2024-01-04,1,384.07
1270,55671,2024-04-11,6,152.75
1106,56928,2024-03-29,6,76.31
1071,51382,2024-06-21,4,184.97
1188,51403,2024-03-07,3,263.44
1020,59011,2024-05-27,3,125.61
1102,53292,2024-03-28,1,209.66
1121,59011,2024-01-13,3,229.99
1214,50419,2024-06-26,4,75.83
1087,54517,2024-04-05,5,312.49
1099,53302,2024-05-18,3,447.95
1151,57857,2024-02-15,6,118.28
1130,59700,2024-01-28,5,319.01
1149,57870,2024-05-29,3,349.13
1257,55693,2024-04-12,6,238.7
1293,50767,2024-03-25,6,365.49
1191,52044,2024-03-27,8,234.83
1276,51549,2024-03-07,2,277.09
1160,59956,2024-01-07,1,53.31
1021,56140,2024-02-04,4,361.27
1252,53716,2024-01-05,7,347.6
1235,54481,2024-05-11,3,67.28
1048,57898,2024-02-16,3,215.71
1058,56548,2024-05-26,5,490.56
1169,52293,2024-05-04,5,239.33
1187,54837,2024-02-03,3,275.88
1270,57758,2024-01-12,9,459.47
1189,56793,2024-03-21,4,372.77
1174,57638,2024-01-07,3,311.93
1050,57993,2024-04-23,2,409.01
1054,56007,2024-06-02,9,438.96
1243,55542,2024-03-09,4,255.6
1130,59092,2024-03-05,3,263.8
1134,56356,2024-01-12,7,223.72
1020,58433,2024-02-23,8,485.02
1166,57380,2024-04-13,2,363.72
1273,52385,2024-01-21,7,87.45
1088,54268,2024-06-17,5,438.33
1013,50671,2024-01-23,5,266.25
1241,50163,2024-05-05,3,80.94
1264,58656,2024-04-27,5,297.37
1052,54592,2024-03-10,2,237.72
1091,54795,2024-04-16,4,444.99
1263,54798,2024-04-20,6,141.8
1034,56036,2024-04-28,1,421.91
1205,52355,2024-06-12,4,300.96
1080,55887,2024-03-31,6,74.57
1049,57961,2024-01-23,9,487.33
1001,55827,2024-04-19,2,280.68
1053,58737,2024-06-03,7,180.89
1105,54719,2024-03-03,6,261.23
1259,50593,2024-06-06,2,436.04
1190,54839,2024-06-01,8,187.21
1217,57394,2024-06-03,7,136.7
1043,59651,2024-06-26,5,108.08
1161,53493,2024-02-04,5,184.04
1201,56164,2024-04-25,7,401.02
1269,52672,2024-06-05,9,262.23
1270,54200,2024-04-11,9,152.37
1214,50016,2024-06-13,9,124.78
1251,53191,2024-06-20,6,199.73
1189,50392,2024-01-31,6,472.97
1295,58616,2024-04-14,3,204.36
1212,56272,2024-04-19,1,494.66
1207,50571,2024-03-11,7,268.35
1236,53631,2024-03-27,4,130.62
1052,56172,2024-04-25,1,451.01
1279,59312,2024-05-26,8,257.16
1216,57177,2024-02-18,6,369.35
1251,58433,2024-01-17,6,492.67
1187,53897,2024-05-23,2,72.58
1040,58123,2024-06-14,1,93.51
1156,52279,2024-01-06,2,374.21
1014,58980,2024-04-09,4,176.82
1064,57451,2024-02-08,2,132.94
1008,58906,2024-06-11,1,67.71
1128,50775,2024-04-14,7,59.83
1135,56869,2024-02-03,8,398.52
1062,52247,2024-01-13,6,110.5
1138,57088,2024-06-26,4,260.47
1080,50078,2024-01-31,6,322.65
1162,58080,2024-05-01,3,242.76
1288,57099,2024-03-05,8,62.2
1260,53926,2024-04-08,2,402.58
1230,59047,2024-01-17,5,54.73
1040,57340,2024-05-10,1,392.85
1027,57083,2024-06-16,6,451.99
1134,56230,2024-04-18,2,244.78
1200,59223,2024-02-28,4,290.99
1267,54940,2024-04-12,6,264.64
1032,53271,2024-04-26,8,225.14
1047,53456,2024-06-02,8,449.34
1061,57788,2024-01-20,6,452.27
1215,58599,2024-04-12,4,201.12
1292,57650,2024-04-21,8,326.78
1098,52711,2024-04-13,8,467.11
1171,51668,2024-01-06,1,482.93
1213,50147,2024-04-25,4,279.03
1034,56420,2024-02-01,4,253.77
1226,50365,2024-06-13,7,175.41
1100,59866,2024-05-06,7,481.49
1130,54531,2024-01-12,8,114.27
1256,55330,2024-04-05,5,310.92
1004,55510,2024-02-15,7,177.15
1217,58754,2024-05-22,8,175.55
1254,58964,2024-01-21,9,232.24
1282,56493,2024-05-20,3,499.46
1206,55439,2024-02-14,3,74.73
1014,59765,2024-03-04,4,310.34
1041,56511,2024-05-12,5,87.16
1178,57504,2024-01-12,1,119.53
1062,51246,2024-01-23,7,247.8
1230,53839,2024-04-04,9,279.71
1240,58551,2024-03-30,8,166.46
1051,52376,2024-02-29,5,192.41
1095,53009,2024-03-04,4,89.14
1221,59154,2024-05-27,7,186.45
1230,51827,2024-05-14,5,484.95
1236,56979,2024-04-17,7,475.12
1142,59805,2024-03-20,1,200.7
1170,59832,2024-04-18,1,306.88
1028,58569,2024-04-25,3,459.32
1035,54285,2024-01-16,2,52.78
1012,56910,2024-02-04,2,414.81
1159,58561,2024-04-14,7,476.77
1186,52196,2024-02-24,2,91.1
1242,53747,2024-05-19,4,122.65
1085,58843,2024-02-09,2,482.34
1283,55978,2024-03-20,6,291.89
1065,55607,2024-06-05,8,56.39
1169,50769,2024-01-19,4,165.93
1044,50780,2024-03-18,5,252.47
1061,59908,2024-06-16,4,361.81
1133,56303,2024-02-26,3,379.92
1283,53983,2024-02-14,5,497.94
1027,59503,2024-05-21,9,179.38
1107,58714,2024-04-11,8,292.2
1043,50521,2024-02-13,8,290.0
1285,59127,2024-03-13,8,232.54
1127,57569,2024-02-29,8,126.12
1230,55784,2024-03-05,7,489.86
1189,54583,2024-03-10,8,433.99
1224,55946,2024-04-10,8,274.25
1282,54941,2024-03-25,8,321.46
1120,56267,2024-01-09,7,152.27
1115,57128,2024-01-15,1,294.7
1232,52461,2024-06-28,4,362.74
1258,50685,2024-06-19,4,281.83
1197,52160,2024-03-01,5,495.63
1136,57031,2024-06-10,6,325.1
1164,59759,2024-01-10,4,216.94
1224,55341,2024-05-26,2,397.47
1233,50038,2024-01-30,6,126.71
1171,54875,2024-01-20,8,223.03
1151,51256,2024-06-21,8,206.13
1159,57697,2024-05-03,7,244.31
1095,52196,2024-03-02,6,401.8
1232,57165,2024-02-04,2,267.88
1179,50301,2024-05-23,7,407.31
1112,57527,2024-06-26,5,309.42
1051,56381,2024-01-09,6,203.93
1267,50646,2024-02-09,8,414.49
1294,59951,2024-04-09,8,157.23
1112,58789,2024-01-13,3,150.97
1100,58853,2024-04-13,7,277.03
1112,54330,2024-04-21,1,167.38
1080,59560,2024-02-04,1,54.09
1186,57003,2024-05-10,7,341.73
1112,53537,2024-02-04,9,279.99
1001,54558,2024-06-24,7,250.48
1129,56579,2024-03-01,5,485.14
1219,58474,2024-05-14,8,307.04
1053,59678,2024-01-08,2,438.54
1223,54082,2024-04-03,9,112.75
1224,54183,2024-02-25,6,306.14
1125,58652,2024-03-20,9,440.59
1129,53754,2024-04-18,2,312.4
1052,51724,2024-03-20,3,373.11
1171,51376,2024-03-28,8,217.42
1217,58706,2024-04-09,1,91.6
1159,58894,2024-03-19,7,256.06
1197,51653,2024-02-28,7,227.52
1246,52066,2024-04-18,1,440.18
1202,50022,2024-01-30,9,159.8
1183,52460,2024-06-05,8,485.03
1122,55926,2024-06-20,4,481.16
1254,56251,2024-02-23,5,161.43
1293,59496,2024-04-14,2,206.62
1279,57295,2024-02-24,9,453.0
1097,53300,2024-02-09,6,484.98
1197,56279,2024-02-16,3,249.55
1239,58553,2024-06-27,7,194.45
1143,57353,2024-04-19,9,286.74
1096,53727,2024-01-10,3,359.5
1200,56272,2024-01-04,2,173.06
1123,55995,2024-04-14,7,381.41
1186,59476,2024-02-15,7,73.25
1258,50514,2024-05-15,4,72.18
1147,50448,2024-05-06,9,223.83
1251,56019,2024-01-06,8,209.06
1146,55343,2024-01-15,1,192.03
1147,58033,2024-01-31,1,270.96
1198,52520,2024-03-27,5,194.33
1127,53081,2024-01-23,6,136.52
1038,51428,2024-06-27,3,189.26
1128,53967,2024-06-06,9,488.71
1266,56445,2024-03-17,6,235.0
1150,59114,2024-02-27,4,250.12
1297,52159,2024-01-14,7,309.45
1098,55132,2024-01-04,8,492.5
1262,52547,2024-02-29,9,158.72
1251,52979,2024-01-07,6,356.58
1143,52649,2024-01-10,6,372.19
1111,58505,2024-02-15,8,323.3
1059,53083,2024-05-21,5,89.86
1001,51037,2024-01-02,3,354.59
1253,53489,2024-02-21,3,78.84
1139,57604,2024-03-22,6,318.26
1036,57544,2024-06-14,2,382.81
1159,52634,2024-06-19,6,144.94
1008,53983,2024-04-16,6,428.73
1232,51778,2024-02-15,8,63.66
1098,57902,2024-04-04,7,429.72
1146,55110,2024-01-07,8,257.15
1207,55189,2024-05-03,9,147.91
1130,57378,2024-01-28,6,110.2
1151,51124,2024-06-28,3,478.99
1053,50697,2024-01-20,3,82.7
1119,52179,2024-05-28,1,139.59
1160,59596,2024-03-21,5,206.52
1115,55251,2024-02-21,4,329.11
1074,59235,2024-04-08,9,295.16
1112,51929,2024-03-20,9,106.54
1103,51013,2024-01-05,5,180.38
1253,50226,2024-02-29,4,157.44
1226,57321,2024-04-14,7,146.09
1111,51828,2024-04-22,6,235.01
1098,57909,2024-05-11,4,366.81
1152,55588,2024-02-19,2,147.85
1193,52023,2024-04-10,1,215.01
1162,54966,2024-03-16,4,225.91
1207,55891,2024-05-26,4,489.41
1168,51080,2024-03-28,1,479.6
1160,55036,2024-01-27,6,410.06
1067,52563,2024-05-12,4,158.75
1288,53292,2024-01-07,1,80.62
1276,53586,2024-01-19,1,192.61
1134,54431,2024-01-23,1,170.06
1194,56841,2024-05-11,8,277.67
1127,56643,2024-04-06,8,399.98
1032,53959,2024-06-19,2,436.25
1175,50161,2024-05-24,7,430.19
1021,50593,2024-06-21,8,211.85
1237,53390,2024-01-04,8,359.26
1157,55997,2024-02-03,7,190.78
1037,56354,2024-03-22,5,77.41
1229,50663,2024-01-21,1,365.7
1050,59324,2024-01-18,9,54.42
1263,50541,2024-06-06,7,234.13
1282,55433,2024-06-07,2,198.22
1026,55093,2024-04-20,6,362.02
1225,50867,2024-01-26,2,394.81
1276,58623,2024-06-23,1,186.84
1285,55469,2024-06-07,7,415.23
1096,56256,2024-01-24,2,182.26
1283,59398,2024-02-02,2,250.85
1146,51169,2024-05-27,5,377.16
1003,50830,2024-06-17,5,361.81
1034,51651,2024-06-20,7,494.32
1191,51136,2024-05-03,1,151.32
1048,52810,2024-03-21,8,348.04
1016,58667,2024-03-27,3,324.36
1171,59518,2024-02-17,4,461.79
1219,51019,2024-05-20,9,120.36
1157,55237,2024-06-24,4,388.31
1045,51283,2024-03-02,5,305.72
1005,50659,2024-06-22,7,173.6
1098,52010,2024-03-11,4,263.5
1232,58590,2024-01-04,1,200.2
1036,51733,2024-03-10,9,310.69
1279,52125,2024-06-10,4,450.05
1180,52171,2024-04-18,9,306.19
1094,58266,2024-04-11,6,334.28
1098,53471,2024-03-02,1,283.44
1187,59028,2024-01-07,3,73.02
1115,55624,2024-01-12,2,154.79
1190,58691,2024-05-03,9,271.4
1252,58329,2024-02-22,1,189.61
1160,52097,2024-03-26,9,131.79
1255,55068,2024-03-26,9,276.86
1127,56397,2024-06-28,8,195.26
1017,52757,2024-04-20,8,166.15
1280,53920,2024-04-27,1,258.79
1222,58186,2024-06-09,8,109.98
1053,51900,2024-06-17,3,467.49
1057,52610,2024-05-01,7,440.47
1173,56900,2024-05-18,1,368.43
1279,51449,2024-02-10,1,97.8
1113,58738,2024-01-28,5,399.14
1287,55017,2024-02-11,5,413.58
1150,57999,2024-01-04,8,395.49
1126,56052,2024-04-28,7,101.28
1154,52096,2024-05-24,8,339.76
1272,58895,2024-03-26,6,425.45
1103,56404,2024-05-16,6,309.81
1298,59817,2024-03-24,2,340.88
1245,53331,2024-04-19,6,256.26
1175,57462,2024-02-03,5,287.92
1038,55105,2024-01-16,3,65.47
1169,52978,2024-01-06,6,337.53
1246,52839,2024-04-18,8,86.65
1025,53384,2024-06-07,9,245.76
1012,50685,2024-05-30,1,181.69
1035,57531,2024-01-28,3,295.44
1172,54283,2024-04-06,3,110.04
1019,57736,2024-03-14,8,361.24
1263,57710,2024-05-07,1,407.76
1141,51619,2024-02-01,5,123.51
1142,56868,2024-06-21,3,96.94
1091,51431,2024-05-31,2,115.48
1287,59067,2024-06-28,8,444.71
1214,54713,2024-03-28,3,287.69
1050,59557,2024-06-05,7,260.27
1152,59435,2024-05-15,1,98.02
1185,54998,2024-05-13,6,342.3
1062,50162,2024-02-09,3,440.6
1189,51974,2024-05-28,8,422.68
1124,53291,2024-06-18,6,331.72
1149,58461,2024-05-24,2,83.88
1057,50631,2024-04-14,6,100.58
1179,50905,2024-02-01,7,72.19
1169,52014,2024-05-28,5,165.87
1270,59833,2024-01-27,3,111.05
1053,57896,2024-02-15,4,167.02
1100,50204,2024-06-22,4,223.28
1263,50581,2024-05-26,6,474.34
1052,55675,2024-06-14,1,324.67
1059,59032,2024-02-22,4,425.74
1107,55347,2024-01-01,4,369.66
1004,59911,2024-03-26,1,100.63
1102,52643,2024-03-02,9,381.16
1195,58017,2024-02-04,4,173.79
1261,52297,2024-06-08,7,337.6
1046,50874,2024-02-26,3,203.43
1143,55560,2024-06-05,3,498.95
1268,50689,2024-02-10,8,168.6
1123,54000,2024-02-15,8,175.61
1105,59614,2024-02-17,1,468.8
1157,50671,2024-03-24,2,61.09
1146,57927,2024-01-04,8,363.51
1144,51171,2024-05-28,1,376.4
1119,55591,2024-06-24,8,426.37
1274,59135,2024-02-14,8,488.5
1091,56342,2024-05-10,2,489.02
1057,51449,2024-03-21,4,79.37
1228,52539,2024-01-28,6,419.83
1116,53959,2024-01-18,9,340.84
1278,56285,2024-01-14,8,341.3
1126,55432,2024-02-13,8,107.76
1128,54260,2024-03-10,7,342.58
1057,52361,2024-02-28,9,492.12
1121,56164,2024-04-12,2,460.32
1000,53670,2024-04-27,3,247.61
1238,51753,2024-05-22,8,67.98
1289,58100,2024-06-18,6,213.03
1095,51938,2024-01-23,9,421.88
1125,58562,2024-05-16,4,365.67
1117,55976,2024-05-13,8,256.7
1047,56588,2024-01-18,3,74.8
1088,58616,2024-04-06,3,242.1
1236,56304,2024-01-31,8,261.06
1271,57345,2024-04-04,5,467.85
1188,57875,2024-06-05,3,338.49
1191,59086,2024-05-17,1,190.24
1068,56633,2024-04-06,3,286.39
1277,50597,2024-06-08,9,79.72
1246,53062,2024-01-06,5,487.66
1075,52336,2024-01-23,2,212.03
1153,59879,2024-06-08,7,265.04
1143,50572,2024-01-12,2,209.88
1085,57521,2024-06-05,4,357.13
1184,56171,2024-05-17,7,348.0
1284,57097,2024-06-08,4,371.9
1219,52090,2024-06-06,7,170.66
1068,56566,2024-01-15,7,192.05
1046,54624,2024-02-27,1,106.36
1093,51633,2024-05-23,6,344.98
1237,51517,2024-03-08,9,67.91
1203,53648,2024-03-05,2,318.96
1217,51537,2024-06-29,3,441.36
1038,53137,2024-01-17,5,450.87
1099,56985,2024-01-16,9,252.07
1288,50097,2024-06-25,4,256.69
1253,53750,2024-03-26,1,84.64
1221,58535,2024-01-29,4,351.84
1022,58174,2024-02-15,6,419.57
1249,58103,2024-06-14,5,160.09
1009,55413,2024-04-16,1,239.59
1245,54666,2024-02-26,4,427.48
1099,50610,2024-03-22,6,444.7
1289,51727,2024-02-28,4,159.43
1179,51854,2024-06-29,9,297.76
1222,55055,2024-04-05,5,136.62
1249,52324,2024-04-11,8,95.85
1146,59369,2024-06-13,9,460.0
1095,59283,2024-05-18,5,419.23
1256,55774,2024-02-25,6,392.02
1003,56519,2024-02-13,1,71.94
1015,51749,2024-03-30,7,429.68
1279,50781,2024-02-26,4,247.12
1246,57548,2024-01-05,2,204.08
1257,56823,2024-06-15,5,295.91
1159,52105,2024-05-03,3,91.11
1151,53867,2024-04-18,6,390.49
1177,57193,2024-02-09,8,312.1
1162,54976,2024-06-04,7,133.97
1032,52113,2024-01-23,3,134.7
1178,55879,2024-04-27,8,132.91
1100,53970,2024-01-08,2,75.65
1267,59259,2024-06-17,9,314.51
1064,57264,2024-03-28,4,428.16
1167,51577,2024-03-28,1,57.87
1042,59203,2024-06-01,8,72.05
1043,52274,2024-01-24,7,307.75
1284,54869,2024-06-16,5,418.77
1011,56744,2024-02-02,5,197.03
1094,52426,2024-06-11,7,207.33
1252,55546,2024-04-22,5,318.36
1241,56852,2024-01-03,8,173.4
1034,52551,2024-02-29,6,61.97
1214,56411,2024-02-08,5,380.85
1089,50007,2024-01-31,9,331.54
1263,58087,2024-05-02,2,311.34
1092,52555,2024-02-19,1,383.76
1089,50475,2024-04-02,8,353.85
1114,55416,2024-06-04,3,142.65
1104,58676,2024-06-16,7,208.62
1195,57239,2024-01-05,8,106.75
1113,56710,2024-02-24,6,108.44
1074,55000,2024-05-09,9,354.29
1216,54654,2024-03-19,7,436.37
1276,58078,2024-03-12,5,483.23
1248,56063,2024-03-27,8,332.76
1163,52285,2024-02-13,2,132.85
1191,55223,2024-01-06,7,97.54
1226,56971,2024-01-14,4,415.78
1176,53525,2024-01-25,9,310.44
1098,52822,2024-03-24,1,328.23
1035,54943,2024-04-04,7,401.66
1095,56530,2024-02-14,6,366.47
1151,50258,2024-04-06,8,425.51
1150,50282,2024-06-11,5,75.3
1189,51898,2024-01-12,1,386.38
1223,54135,2024-02-19,1,432.88
1036,56629,2024-04-08,9,178.76
1267,53200,2024-04-01,6,338.2
1182,55110,2024-04-19,5,191.37
1012,57167,2024-02-05,1,481.09
1278,50612,2024-06-24,6,65.04
1216,50687,2024-06-18,6,310.91
1285,53690,2024-01-08,3,124.93
1272,58804,2024-01-15,8,370.5
1061,52307,2024-06-09,1,129.15
1083,57133,2024-06-10,1,155.92
1216,56509,2024-03-08,6,272.47
1186,59973,2024-04-06,1,461.68
1018,55906,2024-04-20,6,145.27
1176,52591,2024-06-14,1,114.91
1099,57183,2024-03-02,6,391.54
1232,55248,2024-06-09,3,275.28
1075,58766,2024-06-14,8,460.3
1264,55108,2024-06-21,6,115.98
1283,53604,2024-01-04,1,340.67
1205,50669,2024-03-02,5,154.8
1222,54364,2024-06-09,8,120.54
1051,57329,2024-05-18,3,357.54
1143,51283,2024-01-22,6,317.16
1068,50923,2024-06-09,5,389.67
1098,51125,2024-02-25,6,189.26
1024,51529,2024-02-05,1,251.59
1052,59786,2024-05-24,7,232.46
1150,58438,2024-04-17,9,492.84
1143,53711,2024-03-20,2,181.51
1056,58004,2024-01-07,5,182.67
1038,59752,2024-04-10,4,209.55
1108,56274,2024-03-17,6,304.07
1180,53864,2024-06-04,6,163.55
1041,57833,2024-01-28,2,461.88
1185,56788,2024-04-08,2,169.56
1222,50226,2024-04-27,4,453.12
1121,50264,2024-02-05,1,96.56
1132,59587,2024-06-12,9,345.45
1162,50645,2024-01-05,7,458.14
1214,57544,2024-03-05,7,125.94
1220,55569,2024-03-04,3,485.75
1234,52990,2024-02-07,3,253.8
1145,52504,2024-04-19,1,475.57
1238,59346,2024-03-21,3,354.57
1075,50587,2024-06-20,3,185.71
1008,59177,2024-05-26,4,134.74
1073,54079,2024-06-24,4,186.68
1252,53348,2024-03-14,3,91.86
1229,56299,2024-02-09,8,114.74
1006,53831,2024-01-09,8,97.1
1173,59433,2024-02-26,1,240.32
1140,58381,2024-05-29,7,408.01
1167,59172,2024-04-08,2,113.62
1169,59890,2024-03-26,1,108.64
1282,51715,2024-02-22,3,339.54
1121,56450,2024-03-12,4,138.73
1193,55433,2024-01-23,6,93.92
1004,51098,2024-04-16,5,125.08
1028,57096,2024-06-19,4,465.68
1164,52326,2024-06-23,8,419.66
1135,59087,2024-04-19,4,209.33
1144,56416,2024-03-16,2,345.12
1216,56980,2024-05-25,3,291.77
1131,56763,2024-06-11,6,354.71
1291,51674,2024-01-13,8,357.2
1069,57950,2024-01-28,8,332.93
1251,59122,2024-06-17,9,169.75
1274,58915,2024-05-30,7,67.55
1181,56049,2024-06-05,2,255.01
1166,51089,2024-05-20,8,450.94
1090,54578,2024-05-01,7,306.27
1201,59127,2024-03-04,8,424.58
1018,50155,2024-03-01,3,496.23
1038,59262,2024-03-17,7,123.63
1125,51958,2024-05-11,9,361.3
1172,56344,2024-04-09,3,353.43
1140,55779,2024-06-25,6,490.98
1241,56144,2024-03-15,2,493.52
1219,55063,2024-01-08,2,359.01
1125,53830,2024-01-22,5,159.63
1057,59046,2024-02-09,5,409.35
1147,58831,2024-06-08,7,98.16
1000,59794,2024-02-13,2,401.31
1189,56659,2024-04-09,7,459.59
1190,50441,2024-02-14,5,222.28
1116,56040,2024-05-08,6,333.79
1133,55925,2024-03-11,8,243.56
1057,57358,2024-05-31,4,246.99
1043,54628,2024-03-06,7,189.67
1172,56370,2024-06-24,6,392.96
1159,59528,2024-02-23,2,471.28
1172,50948,2024-04-25,8,473.34
1148,58179,2024-01-09,9,128.65
1079,56115,2024-05-04,5,443.63
1212,50459,2024-03-10,4,381.84
1202,57568,2024-03-07,6,163.78
1251,54646,2024-04-23,8,80.28
1228,50392,2024-03-26,3,170.6
1163,51787,2024-01-02,1,460.49
1226,57374,2024-01-01,4,334.93
1146,51138,2024-03-14,4,374.47
1019,54741,2024-02-23,1,165.72
1046,57418,2024-01-09,9,373.72
1232,56362,2024-02-12,3,62.65
1013,52454,2024-05-07,5,218.89
1142,59658,2024-06-28,6,332.04
1000,53674,2024-01-03,8,115.74
1053,51377,2024-02-05,6,420.35
1258,56701,2024-06-16,3,155.76
1143,52597,2024-01-24,6,343.53
1011,50141,2024-04-08,1,232.34
1223,52659,2024-03-24,4,318.22
1271,54596,2024-04-17,6,98.35
1155,59031,2024-04-03,7,57.61
1007,55661,2024-05-31,3,459.3
1121,56142,2024-06-19,9,171.33
1163,55626,2024-06-17,7,418.85
1089,58787,2024-01-25,1,499.71
1135,58472,2024-04-01,2,145.14
1185,50423,2024-04-23,1,169.33
1177,56999,2024-03-03,9,348.29
1027,54249,2024-04-01,9,484.45
1219,51750,2024-05-10,7,462.12
1040,54757,2024-04-26,3,276.29
1227,51967,2024-04-07,5,407.8
1191,54088,2024-04-14,4,111.09
1144,54178,2024-04-06,7,489.85
1200,57789,2024-04-04,9,483.96
1211,52946,2024-03-05,2,123.68
1219,59641,2024-03-27,8,184.74
1239,55394,2024-03-17,9,95.07
1045,57880,2024-05-16,9,172.27
1034,55075,2024-03-09,7,417.18
1252,57230,2024-03-08,9,220.24
1081,51531,2024-04-13,9,89.78
1255,52990,2024-01-22,3,204.0
1196,57155,2024-06-19,4,491.62
1009,54493,2024-06-18,2,333.36
1285,59335,2024-05-23,3,237.27
1241,50933,2024-03-31,5,124.94
1250,51460,2024-01-26,5,493.78
1004,52723,2024-03-17,6,419.38
1118,50285,2024-02-18,7,176.66
1288,50264,2024-02-02,7,81.53
1064,56816,2024-06-21,1,75.48
1145,51762,2024-06-11,2,104.17
1223,50040,2024-03-04,9,311.35
1238,55827,2024-01-09,2,467.94
1176,58259,2024-06-16,6,273.53
1266,50987,2024-01-20,1,429.33
1281,57804,2024-04-06,3,250.65
1062,57789,2024-04-23,2,368.86
1216,55717,2024-04-17,3,379.34
1282,53198,2024-05-30,5,128.28
1176,55374,2024-04-06,6,212.55
1097,54790,2024-03-03,9,336.79
1104,57183,2024-05-18,4,81.81
1098,52524,2024-01-30,7,212.69
1005,59277,2024-02-27,6,290.66
1196,52479,2024-06-07,2,498.3
1132,59885,2024-03-16,8,263.54
1258,55154,2024-06-07,7,417.23
1022,50778,2024-06-05,7,244.43
1052,59777,2024-01-06,8,408.38
1164,51492,2024-06-04,1,317.94
1201,50660,2024-03-20,1,448.97
1082,51348,2024-04-12,8,234.92
1144,59491,2024-02-20,4,321.94
1084,57851,2024-05-07,5,333.51
1077,57156,2024-04-27,8,237.82
1000,52044,2024-04-28,5,114.94
1050,57368,2024-05-29,4,92.1
1172,53516,2024-05-06,6,57.5
1204,59250,2024-06-15,5,443.09
1259,59168,2024-04-17,7,156.41
1287,54577,2024-02-03,7,145.18
1033,50727,2024-04-17,4,381.22
1094,57468,2024-02-10,5,194.01
1071,50342,2024-05-20,3,277.72
1038,51447,2024-03-16,4,123.13
1153,56581,2024-01-25,4,481.89
1249,56317,2024-04-12,3,433.21
1161,50526,2024-02-28,5,438.71
1117,56748,2024-04-06,5,233.05
1258,50405,2024-06-22,7,393.06
1267,57986,2024-01-22,4,114.74
1053,59765,2024-01-24,4,53.88
1235,53740,2024-01-01,9,58.99
1221,51846,2024-06-26,6,313.97
1250,51478,2024-06-10,4,254.93
1111,50771,2024-02-16,2,283.11
1254,55525,2024-06-05,6,53.36
1206,58770,2024-05-23,2,240.21
1228,50193,2024-04-29,5,373.13
1065,52007,2024-03-12,6,249.21
1074,51185,2024-01-19,4,379.5
1102,52394,2024-01-15,3,154.86
1191,59984,2024-01-20,7,415.91
1251,59302,2024-01-27,2,314.79
1225,54005,2024-02-29,6,144.84
1293,57429,2024-03-01,4,156.52
1097,52261,2024-04-23,6,332.61
1285,53736,2024-05-12,4,423.47
1248,56716,2024-01-15,4,237.03
1165,54875,2024-06-20,4,166.24
1029,58921,2024-06-02,9,440.16
1246,54378,2024-01-02,7,351.17
1105,57815,2024-02-27,3,251.64
1050,53451,2024-02-10,3,269.56
1080,57616,2024-01-28,6,141.92
1132,59836,2024-02-14,6,332.06
1284,52800,2024-06-18,4,211.43
1137,58333,2024-05-27,9,498.04
1183,55410,2024-03-20,4,266.08
1272,51455,2024-01-15,9,268.65
1068,56892,2024-05-04,4,304.63
1033,55808,2024-05-30,2,462.54
1261,56796,2024-03-30,2,410.37
1052,54796,2024-01-27,5,253.01
1204,55093,2024-04-17,4,373.41
1125,51325,2024-06-09,7,313.81
1234,54976,2024-06-24,5,271.57
1042,59405,2024-05-30,6,136.54
1239,51159,2024-03-04,4,258.77
1110,54650,2024-01-28,2,160.62
1248,54987,2024-06-18,9,461.68
1150,54697,2024-05-22,7,200.93
1182,50340,2024-03-11,4,478.52
1094,53828,2024-01-17,3,289.87
1007,51968,2024-03-30,3,334.19
1183,50703,2024-04-04,9,294.32
1280,55482,2024-03-24,5,108.22
1194,56376,2024-03-31,3,219.12
1194,51800,2024-01-07,5,94.62
1154,55463,2024-04-04,2,330.33
1092,54912,2024-05-15,4,251.09
1159,54648,2024-01-09,2,400.09
1060,50855,2024-03-05,2,149.21
1121,52866,2024-02-23,8,124.05
1050,50182,2024-01-15,1,232.85
1276,53112,2024-04-13,7,466.96
1004,55670,2024-04-18,5,369.69
1091,54492,2024-04-17,8,238.52
1169,55823,2024-04-02,1,282.77
1021,51517,2024-01-22,7,87.9
1000,55002,2024-01-05,5,493.06
1132,51356,2024-06-08,4,349.88
1232,53629,2024-03-29,7,178.43
1011,53628,2024-02-25,2,313.61
1045,58210,2024-06-22,1,99.27
1033,56132,2024-01-18,1,484.63
1077,59324,2024-06-09,1,128.65
1217,56588,2024-01-06,5,341.61
1072,53311,2024-02-08,7,160.45
1281,56048,2024-03-11,2,372.9
1248,56246,2024-05-15,8,399.57
1046,50987,2024-04-15,4,353.04
1120,53321,2024-05-25,3,326.52
1213,54615,2024-05-08,8,451.61
1238,58365,2024-04-08,2,85.38
1055,53741,2024-05-06,3,198.91
1106,53052,2024-02-18,3,161.73
1047,56574,2024-06-23,1,494.61
1060,50726,2024-03-07,6,225.23
1025,53760,2024-04-11,2,379.68
1291,55806,2024-04-16,1,358.13
1256,51875,2024-04-10,2,145.44
1007,56993,2024-06-10,6,157.55
1112,54033,2024-06-07,4,176.58
1252,55443,2024-01-01,6,235.01
1179,50989,2024-03-24,9,155.45
1206,53744,2024-03-08,8,58.84
1126,58611,2024-02-13,1,445.73
1055,50593,2024-02-24,8,484.52
1213,51774,2024-01-28,9,203.71
1013,50935,2024-05-25,6,202.33
1027,53808,2024-04-24,5,53.19
1077,50331,2024-03-12,6,356.11
1215,57922,2024-06-10,6,421.45
1153,52702,2024-04-19,9,115.97
1013,55889,2024-02-18,4,121.85
1186,55054,2024-03-01,2,405.54
1006,53868,2024-06-12,9,327.33
1002,54200,2024-04-04,2,70.19
1110,50201,2024-02-02,9,330.15
1237,52497,2024-05-26,2,189.01
1238,51842,2024-06-28,8,215.93
1273,59101,2024-06-09,9,396.38
1293,54658,2024-04-16,9,414.92
1226,57544,2024-04-30,9,230.16
1014,57718,2024-05-25,2,476.22
1191,50770,2024-06-08,4,232.91
1118,53155,2024-04-05,7,397.33
1027,51628,2024-05-21,2,267.74
1201,50386,2024-04-27,1,453.89
1038,56031,2024-05-17,3,458.49
1272,56439,2024-06-07,4,89.34
1230,56401,2024-04-09,8,471.42
1085,54008,2024-06-20,6,421.49
1125,52466,2024-05-12,2,406.09
1299,52282,2024-03-09,9,140.41
1024,51856,2024-05-09,2,412.3
1144,57980,2024-04-12,5,432.56
1012,51998,2024-03-12,4,180.12
1211,55476,2024-06-08,7,478.52
1024,59428,2024-05-03,8,72.44
1067,54669,2024-02-22,5,117.46
1066,59342,2024-03-24,5,291.91
1232,54318,2024-04-16,2,309.11
1108,57064,2024-02-19,8,340.32
1145,57446,2024-01-24,2,57.64
1110,51431,2024-02-05,6,482.17
1227,55624,2024-04-16,8,70.06
1110,57461,2024-01-06,6,114.38
1033,51819,2024-05-26,4,56.31
1110,51130,2024-06-24,4,305.09
1263,56563,2024-04-25,6,469.52
1235,52658,2024-03-13,4,349.68
1082,53500,2024-06-14,8,420.2
1041,58566,2024-01-01,9,55.98
1100,52120,2024-02-15,1,293.91
1005,54020,2024-04-19,4,256.8
1179,53259,2024-01-21,4,274.54
1281,51823,2024-01-13,2,82.5
1225,51474,2024-05-23,6,358.0
1228,52242,2024-01-10,3,276.45
1288,53243,2024-05-17,7,394.32
1149,56990,2024-05-30,5,268.38
1276,55160,2024-03-22,4,117.22
1197,53134,2024-04-05,5,341.72
1069,52070,2024-06-27,8,127.57
1111,50359,2024-05-27,3,442.58
1003,51141,2024-06-11,7,325.9
1094,51635,2024-05-25,6,120.74
1151,54000,2024-01-03,1,483.05
1136,53361,2024-03-19,7,283.26
1246,56583,2024-02-02,7,82.8
1242,57835,2024-02-06,1,332.07
1030,50006,2024-01-04,9,163.94
1039,53267,2024-04-16,6,411.66
1228,56564,2024-05-08,2,418.02
1035,59783,2024-05-09,5,490.53
1222,54928,2024-06-13,4,275.84
1005,52606,2024-05-11,7,254.73
1219,55906,2024-04-22,8,389.06
1074,53273,2024-03-22,1,109.61
1003,57611,2024-03-24,5,296.11
1133,50913,2024-04-27,3,295.81
1117,52011,2024-01-11,1,90.26
1093,51442,2024-06-27,3,238.09
1061,55546,2024-05-12,6,433.98
1193,51829,2024-01-07,7,435.27
1202,58767,2024-06-21,8,94.66
1025,56468,2024-03-31,4,90.82
1172,50929,2024-06-17,3,168.21
1299,53699,2024-04-02,5,443.64
1132,59655,2024-03-21,9,108.01
1117,51054,2024-03-23,6,374.0
1274,55744,2024-04-03,9,95.52
1211,51900,2024-02-16,6,330.41
1224,59649,2024-01-31,2,210.23
1019,56980,2024-06-14,5,405.01
1112,57069,2024-06-04,9,155.16
1139,59591,2024-01-08,8,337.64
1046,53415,2024-01-07,7,156.06
1000,50442,2024-01-15,1,371.15
1089,56218,2024-04-10,4,443.16
1141,54652,2024-02-27,7,107.06
1037,57939,2024-05-17,7,439.97
1292,57833,2024-04-26,6,317.11
1138,59370,2024-05-22,8,107.2
1258,57597,2024-06-09,6,242.39
1160,54458,2024-04-30,3,122.39
1177,56591,2024-04-26,4,365.16
1009,59449,2024-02-05,3,391.49
1260,52309,2024-05-24,1,97.61
1137,56268,2024-06-19,5,277.76
1171,50910,2024-05-07,1,416.58
1012,54340,2024-02-10,1,471.27
1167,54009,2024-03-16,2,281.08
1129,56628,2024-01-05,4,477.63
1083,52169,2024-01-17,6,291.06
1100,52172,2024-02-23,8,227.39
1272,55668,2024-03-17,3,431.69
1264,56313,2024-06-08,1,271.84
1037,58315,2024-01-06,3,262.36
1093,58036,2024-05-11,3,270.64
1094,56789,2024-06-04,5,431.05
1068,50785,2024-06-07,4,424.37
1235,56139,2024-01-13,4,231.58
1136,56344,2024-01-23,9,199.98
1075,52416,2024-03-23,7,271.37
1034,58988,2024-01-09,4,307.75
1000,54154,2024-05-09,3,157.25
1295,55619,2024-04-23,6,407.28
1059,51936,2024-06-26,3,268.92
1266,53807,2024-05-24,6,200.32
1228,57151,2024-02-02,9,98.07
1269,59493,2024-04-19,6,157.48
1285,53236,2024-06-01,4,477.18
1290,52352,2024-05-10,5,187.29
1212,51932,2024-06-11,6,125.99
1164,58556,2024-06-24,3,257.3
1004,54916,2024-01-11,8,188.19
1077,55498,2024-05-17,4,65.82
1061,50946,2024-02-04,8,195.42
1131,59569,2024-05-22,3,294.85
1088,51439,2024-01-26,7,298.27
1236,57730,2024-05-10,9,210.45
1041,54857,2024-06-05,4,251.29
1088,50340,2024-03-14,8,484.48
1295,50382,2024-04-09,3,219.81
1294,59748,2024-05-12,7,166.2
1103,58491,2024-05-01,3,159.56
1013,50138,2024-03-08,7,255.99
1287,50358,2024-04-09,6,391.78
1178,54931,2024-04-10,2,142.69
1124,59714,2024-04-28,3,369.18
1022,53456,2024-04-15,6,59.52
1062,51627,2024-04-20,4,238.52
1142,59495,2024-01-04,6,399.14
1152,56626,2024-05-11,1,202.43
1144,55004,2024-06-08,1,303.68
1224,59326,2024-04-18,3,142.24
1103,56652,2024-03-13,8,383.9
1103,56416,2024-04-03,8,73.53
1038,53170,2024-04-22,4,433.64
1197,53835,2024-06-06,6,139.19
1133,58017,2024-03-14,8,443.48
1066,52151,2024-05-20,7,208.64
1178,59429,2024-05-24,7,375.21
1041,56905,2024-06-13,4,193.65
1014,52834,2024-02-06,9,457.66
1110,59190,2024-05-18,6,106.99
1156,52567,2024-05-15,3,130.33
1288,51307,2024-04-08,5,271.86
1230,58848,2024-01-17,5,86.87
1156,52660,2024-06-24,5,138.19
1037,53730,2024-01-04,8,474.69
1096,56207,2024-01-22,9,489.42
1288,53162,2024-05-15,9,219.32
1253,51140,2024-02-18,6,465.48
1195,58458,2024-01-12,6,295.17
1085,51708,2024-05-14,9,171.38
1009,53630,2024-03-17,4,366.08
1004,53211,2024-05-31,6,346.51
1122,56538,2024-04-25,4,495.11
1117,59702,2024-06-06,1,169.27
1293,50475,2024-05-09,7,352.43
1158,57684,2024-01-12,6,73.41
1227,59168,2024-03-25,9,101.14
1215,51207,2024-04-20,7,51.76
1183,51960,2024-06-04,7,499.76
1014,50557,2024-03-28,2,411.02
1156,50882,2024-02-06,9,404.03
1135,54761,2024-04-21,9,279.38
1260,55867,2024-04-14,6,185.03
1156,56963,2024-05-31,3,118.07
1046,57166,2024-06-04,1,178.1
1172,57929,2024-01-21,4,219.19
1129,55347,2024-02-24,3,390.34
1094,57269,2024-01-15,1,292.85
1114,59802,2024-03-18,3,84.87
1242,58125,2024-05-15,4,58.11
1291,52454,2024-05-24,8,96.05
1281,54494,2024-03-22,9,234.72
1298,51946,2024-03-06,3,469.94
1282,52808,2024-03-22,6,336.83
1068,56642,2024-01-02,5,410.82
1147,53825,2024-06-27,6,259.87
1010,53536,2024-01-26,4,212.75
1253,56068,2024-03-30,6,98.78
1037,53802,2024-05-17,7,444.17
1133,54699,2024-04-20,9,402.42
1199,51970,2024-01-12,7,125.65
1022,55806,2024-02-13,6,280.52
1217,56142,2024-05-25,1,269.32
1140,52819,2024-05-26,2,331.29
1103,59094,2024-05-12,1,475.78
1209,50364,2024-01-12,9,310.9
1110,54258,2024-01-11,9,293.1
1103,53119,2024-06-20,7,72.65
1170,51863,2024-02-13,2,78.31
1132,50115,2024-04-05,6,134.31
1292,57084,2024-01-17,4,64.61
1126,58016,2024-05-27,1,384.51
1105,52384,2024-03-13,1,375.5
1091,53935,2024-01-28,5,111.23
1286,57742,2024-03-28,2,426.24
1050,55442,2024-03-26,4,119.65
1028,52490,2024-04-13,1,185.53
1295,56980,2024-05-19,4,162.04
1296,59134,2024-03-10,6,217.54
1213,57661,2024-06-28,4,164.6
1266,51724,2024-06-27,1,270.03
1256,58182,2024-01-07,7,233.33
1100,52767,2024-01-27,2,493.96
1109,51137,2024-05-02,9,75.17
1181,54117,2024-04-24,3,113.98
1000,53420,2024-03-28,8,73.77
1054,55845,2024-04-22,8,331.63
1148,54778,2024-01-21,3,74.53
1136,53906,2024-03-31,4,426.4
1201,53637,2024-02-04,2,280.37
1116,52953,2024-05-05,4,287.15
1153,55929,2024-05-16,9,302.72
1290,50276,2024-03-19,2,126.87
1062,51999,2024-01-04,3,138.96
1243,51227,2024-02-29,4,193.47
1024,56337,2024-01-15,5,317.07
1089,53735,2024-03-27,1,144.55
1074,50695,2024-06-21,7,102.35
1293,59501,2024-02-03,7,486.55
1209,54152,2024-01-16,9,59.89
1016,57901,2024-04-24,4,411.21
1127,57470,2024-04-03,6,404.62
1250,57537,2024-02-28,2,183.75
1178,52841,2024-02-02,4,111.03
1181,54208,2024-03-24,2,115.53
1151,58733,2024-01-19,5,363.84
1024,51088,2024-05-13,7,339.26
1179,53363,2024-02-26,1,402.24
1197,50024,2024-04-30,7,471.87
1160,59764,2024-06-28,6,361.37
1176,56144,2024-06-19,6,120.13
1284,55668,2024-01-21,8,159.55
1062,54236,2024-04-08,8,428.99
1149,59959,2024-02-09,6,144.19
1153,58068,2024-02-27,3,82.64
1155,52235,2024-05-02,5,366.48
1048,57295,2024-04-07,2,231.14
1083,58392,2024-06-16,5,464.02
1176,58448,2024-02-13,9,342.61
1147,53747,2024-02-26,1,90.69
1117,53175,2024-01-24,5,476.54
1062,54897,2024-06-16,6,166.35
1188,55037,2024-03-08,7,201.75
1048,57427,2024-01-09,9,231.02
1256,58605,2024-01-09,6,73.05
1223,52014,2024-05-20,5,273.43
1140,51381,2024-04-16,7,105.49
1214,51098,2024-06-10,1,230.44
1210,53426,2024-06-28,5,207.82
1031,53655,2024-04-11,2,397.78
1157,57938,2024-06-01,4,411.43
1284,59101,2024-05-24,7,119.04
1285,50187,2024-03-21,5,214.95
1143,55409,2024-02-16,6,218.01
1018,52092,2024-06-13,2,118.13
1017,52130,2024-02-24,3,409.3
1256,55242,2024-06-22,7,368.25
1077,58549,2024-05-05,2,135.67
1174,55647,2024-03-07,6,215.02
1193,55185,2024-03-29,5,97.61
1112,55776,2024-04-27,1,332.69
1113,57913,2024-03-26,4,104.62
1221,57547,2024-05-25,2,493.67
1165,57823,2024-03-07,4,401.31
1131,57355,2024-05-19,1,225.61
1263,56465,2024-03-10,2,310.35
1054,51497,2024-04-12,8,460.1
1130,52555,2024-01-02,6,299.34
1287,55409,2024-05-20,2,128.52
1265,52951,2024-04-01,6,220.42
1161,51238,2024-06-26,9,429.42
1086,59165,2024-06-23,7,339.9
1054,54727,2024-01-21,9,342.83
1287,53965,2024-05-02,5,440.07
1177,55686,2024-02-26,7,452.29
1007,59242,2024-04-01,7,463.91
1246,53701,2024-05-16,3,92.68
1254,52780,2024-05-31,7,294.86
1053,57398,2024-04-11,1,383.23
1248,51588,2024-06-21,9,390.62
1238,52368,2024-02-08,6,323.02
1228,55789,2024-06-13,5,125.05
1066,50436,2024-02-04,7,408.84
1050,52828,2024-01-03,5,374.05
1096,51556,2024-03-03,5,88.76
1091,57570,2024-06-18,7,258.71
1263,57480,2024-02-29,7,128.29
1290,59496,2024-05-30,3,201.86
1095,50182,2024-01-24,3,58.14
1087,57190,2024-02-12,3,230.15
1077,56687,2024-05-23,6,297.44
1287,55565,2024-04-30,6,328.81
1119,57241,2024-02-02,3,348.57
1164,57651,2024-02-25,3,426.33
1181,55575,2024-01-08,8,146.96
1222,51589,2024-01-15,8,104.22
1006,59779,2024-03-22,7,433.19
1262,58851,2024-05-28,4,120.48
1160,50159,2024-05-30,4,488.64
1150,56555,2024-02-28,3,429.14
1084,59203,2024-02-23,5,275.39
1146,58244,2024-04-27,3,491.64
1111,56846,2024-05-19,8,93.82
1035,52307,2024-05-01,7,186.38
1284,51228,2024-04-02,3,337.2
1187,57226,2024-03-31,9,207.5
1081,55590,2024-02-24,5,467.77
1001,56919,2024-02-28,9,79.53
1196,55585,2024-06-12,7,297.24
1010,59227,2024-01-19,7,315.89
1233,56046,2024-04-12,6,343.73
1194,54945,2024-06-23,2,165.05
1118,57927,2024-02-08,9,214.05
1019,57016,2024-04-21,6,429.66
1260,57758,2024-05-14,8,137.72
1292,55086,2024-06-03,1,422.09
1255,59456,2024-01-07,5,303.19
1221,57161,2024-04-11,1,392.98
1225,51884,2024-01-04,8,371.12
1052,51809,2024-01-20,8,143.38
1279,53167,2024-05-17,1,305.97
1080,56352,2024-05-05,9,440.48
1201,59009,2024-01-19,2,244.45
1157,56056,2024-02-27,9,484.97
1119,52437,2024-06-25,1,253.5
1058,56468,2024-03-30,9,114.25
1214,59080,2024-04-22,4,225.25
1127,55951,2024-05-20,9,478.27
1223,55276,2024-01-12,7,193.87
1208,58859,2024-03-25,6,440.64
1114,57818,2024-06-02,5,446.56
1208,54728,2024-05-19,9,207.58
1013,52624,2024-05-29,2,87.47
1008,55738,2024-03-05,2,376.05
1039,54232,2024-01-07,9,190.18
1236,55793,2024-06-21,3,402.32
1280,54523,2024-06-11,8,249.19
1200,55571,2024-06-14,9,268.37
1245,59010,2024-02-28,8,400.06
1277,59298,2024-03-25,4,222.06
1234,52224,2024-03-12,1,249.41
1003,58389,2024-01-30,4,219.29
1153,56091,2024-06-26,9,215.3
1028,58662,2024-06-05,2,286.68
1108,56361,2024-05-01,3,413.96
1097,51948,2024-05-03,8,212.8
1214,57094,2024-03-02,6,285.91
1292,56318,2024-05-20,8,351.83
1074,53796,2024-04-30,7,171.25
1145,50234,2024-05-30,5,174.89
1127,59120,2024-02-17,9,470.04
1041,53607,2024-01-31,4,375.59
1040,58043,2024-06-15,6,309.73
1033,50522,2024-04-06,2,341.47
1016,55904,2024-02-08,2,63.18
1164,54888,2024-05-29,2,328.15
1152,59821,2024-04-10,7,279.28
1075,55832,2024-06-07,2,295.59
1086,57122,2024-06-22,2,211.74
1116,55842,2024-06-04,9,86.66
1026,51316,2024-05-26,7,137.0
1286,51124,2024-04-03,3,477.84
1133,55621,2024-04-16,3,233.91
1218,55423,2024-03-16,7,260.01
1167,52587,2024-02-02,5,73.72
1097,59215,2024-05-28,6,66.9
1267,55672,2024-01-10,8,372.73
1236,51378,2024-01-03,9,292.14
1172,53374,2024-01-21,1,278.92
1189,51519,2024-01-05,3,159.41
1121,55777,2024-06-01,7,385.14
1045,57935,2024-01-18,6,125.71
1063,56093,2024-06-01,7,135.47
1129,58418,2024-01-11,8,257.32
1192,55355,2024-06-22,6,178.83
1180,54968,2024-04-19,3,161.36
1291,59083,2024-03-09,2,340.36
1281,55574,2024-04-22,7,342.94
1028,54072,2024-04-26,1,421.03
1148,52257,2024-04-14,3,237.97
1266,58588,2024-05-29,4,82.89
1295,54424,2024-05-10,1,173.15
1010,53237,2024-06-25,5,491.0
1163,53893,2024-04-07,3,318.32
1112,52005,2024-05-27,2,369.38
1186,52016,2024-03-03,3,53.31
1294,59388,2024-04-04,8,283.19
1231,51772,2024-06-21,6,66.89
1226,58353,2024-06-03,7,306.15
1097,53976,2024-06-03,6,464.35
1054,51751,2024-06-07,6,485.79
1110,58967,2024-02-05,3,293.25
1151,57430,2024-04-04,8,256.19
1245,57170,2024-01-08,7,475.26
1068,56469,2024-05-27,7,353.12
1288,59131,2024-06-14,6,79.2
1249,53220,2024-05-31,5,259.58
1035,50539,2024-04-26,8,158.11
1238,51461,2024-04-12,5,261.41
1147,55184,2024-02-25,9,254.96
1226,58547,2024-06-02,9,311.97
1243,50234,2024-01-24,1,210.55
1200,51548,2024-04-04,6,123.92
1153,57480,2024-05-20,7,276.67
1072,54213,2024-06-01,3,423.59
1200,51673,2024-04-28,7,348.81
1295,56708,2024-05-12,7,202.27
1016,57982,2024-01-21,2,470.99
1128,52100,2024-04-11,7,460.49
1216,53748,2024-06-15,1,144.21
1060,53173,2024-03-31,5,67.74
1103,51815,2024-01-31,9,383.59
1041,53841,2024-01-27,7,422.42
1024,58016,2024-02-02,7,485.54
1038,57011,2024-03-31,2,450.43
1290,54493,2024-02-21,8,320.24
1130,50674,2024-03-18,3,288.52
1228,58088,2024-05-17,8,62.53
1107,58578,2024-02-14,3,161.0
1171,52158,2024-04-06,7,256.83
1101,52661,2024-05-31,2,332.83
1011,52064,2024-03-04,4,300.76
1274,53253,2024-04-14,6,384.19
1100,54979,2024-04-24,9,175.9
1043,57703,2024-01-09,5,304.23
1016,58931,2024-06-06,9,89.66
1056,51401,2024-02-27,5,236.15
1011,53259,2024-06-27,8,387.57
1079,53923,2024-01-31,1,362.03
1215,54214,2024-01-15,7,495.79
1263,53227,2024-02-05,4,175.05
1148,52745,2024-04-29,5,274.19
1080,56091,2024-05-26,6,198.29
1214,53866,2024-02-18,5,248.27
1197,55818,2024-02-06,1,435.63
1199,52222,2024-04-30,9,357.89
1024,52792,2024-04-16,2,447.1
1088,59889,2024-01-31,9,141.58
1267,54063,2024-01-29,2,443.01
1142,51524,2024-01-25,9,76.89
1058,58224,2024-03-11,6,449.87
1025,56198,2024-04-23,9,198.08
1046,54025,2024-06-17,6,191.56
1287,52566,2024-03-16,6,280.44
1265,52803,2024-05-17,2,473.31
1015,53709,2024-06-12,8,71.5
1198,56155,2024-02-15,3,208.5
1281,50719,2024-03-24,7,435.46
1085,56516,2024-05-01,5,228.22
1249,54579,2024-05-04,3,139.62
1269,50972,2024-06-13,1,241.16
1116,53718,2024-02-06,8,223.5
1006,57395,2024-03-24,3,461.94
1136,54402,2024-06-23,2,392.87
1175,54552,2024-05-28,1,277.3
1214,52207,2024-01-14,4,494.77
1081,54426,2024-04-23,8,259.37
1222,56919,2024-02-19,3,76.21
1102,58835,2024-03-12,1,168.02
1272,58386,2024-06-12,4,246.23
1013,58680,2024-04-26,9,120.61
1158,52204,2024-06-10,1,476.4
1151,55345,2024-06-18,2,395.08
1107,53276,2024-02-14,9,170.73
1187,51102,2024-05-25,2,315.86
1097,55243,2024-03-05,3,374.65
1130,56614,2024-06-18,7,473.58
1292,59433,2024-03-05,3,446.74
1170,58707,2024-05-25,9,281.84
1182,55223,2024-04-12,6,398.59
1038,58584,2024-02-25,3,302.97
1014,50630,2024-01-19,9,298.72
1003,59171,2024-05-31,1,101.63
1209,56683,2024-01-07,3,106.76
1160,50277,2024-01-03,1,288.29
1015,50232,2024-03-31,2,170.99
1107,59744,2024-04-19,8,59.47
1226,55690,2024-01-04,7,375.28
1169,57659,2024-03-28,2,64.62
1033,50025,2024-01-01,2,317.87
1250,57468,2024-06-06,9,292.64
1246,56410,2024-05-19,6,485.97
1268,58652,2024-02-20,5,267.9
1140,53764,2024-06-09,6,78.62
1273,56599,2024-03-17,9,298.26
1095,55102,2024-04-12,7,428.49
1226,57006,2024-01-22,9,498.58
1038,53483,2024-01-12,4,243.65
1028,51994,2024-05-20,2,194.13
1244,58682,2024-01-27,8,457.99
1235,51072,2024-06-20,4,136.06
1184,56707,2024-01-10,9,326.94
1271,50215,2024-01-24,4,232.57
1235,57605,2024-01-16,8,68.49
1238,59915,2024-03-19,9,206.28
1265,59784,2024-05-26,9,169.35
1064,52606,2024-04-13,4,358.74
1176,58350,2024-05-06,1,476.96
1002,54781,2024-05-29,3,170.62
1141,53313,2024-01-27,9,415.16
1157,59968,2024-04-16,4,74.91
1145,57763,2024-04-09,5,292.15
1292,55939,2024-04-24,7,81.75
1152,52295,2024-06-06,5,470.31
1192,55685,2024-02-02,4,394.86
1072,51696,2024-05-15,2,346.08
1139,51946,2024-02-14,2,420.75
1186,52783,2024-03-03,4,341.38
1292,53644,2024-01-17,9,486.02
1060,55241,2024-05-06,8,371.28
1197,56420,2024-01-06,3,466.1
1294,57557,2024-03-11,9,282.71
1010,52645,2024-04-17,5,102.68
1061,56589,2024-04-01,3,287.68
1225,56353,2024-03-08,5,107.09
1152,51932,2024-02-06,4,316.62
1198,51757,2024-01-03,8,267.12
1051,55085,2024-01-24,5,330.16
1259,55637,2024-04-02,8,54.52
1058,51116,2024-04-21,9,137.68
1071,50492,2024-05-30,4,271.1
1147,58811,2024-02-01,7,477.73
1062,57888,2024-04-21,2,222.62
1242,56474,2024-01-07,6,240.97
1106,59738,2024-01-07,8,371.61
1225,54958,2024-02-29,7,321.71
1217,59797,2024-05-04,7,184.52
1240,59467,2024-01-17,8,234.87
1258,52743,2024-02-17,7,147.96
1261,57866,2024-04-23,5,484.71
1004,57160,2024-02-07,7,108.79
1260,55451,2024-01-04,3,217.33
1053,55258,2024-02-02,5,61.63
1046,58548,2024-06-09,7,149.8
1214,57186,2024-03-19,9,401.21
1176,56102,2024-03-26,2,140.53
1008,59061,2024-04-08,4,86.03
1098,59077,2024-02-23,7,263.5
1019,59475,2024-01-04,1,54.49
1240,50619,2024-02-15,2,88.14
1060,50882,2024-06-11,9,413.43
1177,58988,2024-03-14,7,397.16
1061,53642,2024-06-20,7,461.81
1144,51296,2024-02-02,6,434.53
1215,58436,2024-06-02,3,357.43
1002,52895,2024-04-18,3,73.55
1159,56593,2024-01-10,2,402.28
1226,50929,2024-01-12,6,430.48
1268,55366,2024-04-06,4,409.59
1119,58711,2024-01-01,5,278.82
1088,53212,2024-02-24,3,154.81
1067,52409,2024-05-18,6,430.4
1097,58199,2024-05-08,3,377.22
1266,53423,2024-03-03,8,491.34
1104,56976,2024-06-03,9,120.06
1122,57594,2024-04-29,4,151.55
1028,55158,2024-02-20,9,145.31
1136,53667,2024-06-22,7,406.64
1194,55973,2024-06-03,3,134.11
1225,56236,2024-03-26,7,80.0
1169,58277,2024-04-26,1,499.35
1008,52468,2024-05-21,3,61.17
1039,56217,2024-06-21,6,425.86
1024,53619,2024-04-30,4,214.42
1260,51636,2024-02-08,7,428.73
1225,58155,2024-01-12,3,299.58
1123,53583,2024-01-06,1,455.73
1037,54009,2024-04-04,9,466.79
1250,53326,2024-03-14,6,54.09
1175,58148,2024-05-12,8,83.94
1089,52217,2024-04-06,3,162.66
1036,54967,2024-04-03,8,351.19
1175,52369,2024-02-18,2,449.72
1283,53638,2024-01-10,4,256.97
1080,59135,2024-03-28,3,323.14
1113,55722,2024-03-11,1,134.82
1039,54444,2024-01-06,7,412.24
1223,57618,2024-05-03,2,485.3
1114,53947,2024-04-12,4,170.87
1185,51676,2024-06-01,9,272.67
1055,51196,2024-03-19,6,88.75
1039,52787,2024-03-03,8,301.61
1039,57432,2024-03-10,2,276.25
1236,59653,2024-04-03,7,115.0
1288,57927,2024-04-04,6,248.93
1261,53318,2024-05-01,9,200.35
1215,58858,2024-02-04,7,284.82
1146,56689,2024-04-22,1,313.54
1167,52176,2024-05-12,8,53.82
1091,53743,2024-02-27,3,392.45
1058,58792,2024-02-12,2,370.86
1058,54422,2024-02-17,3,214.83
1168,53824,2024-04-30,6,73.82
1268,59171,2024-01-07,3,389.72
1044,52451,2024-03-09,5,479.83
1180,50628,2024-01-01,6,158.07
1169,59821,2024-04-08,8,195.59
1190,57778,2024-04-09,7,132.72
1154,53696,2024-06-27,8,309.62
1187,53674,2024-04-09,3,119.68
1006,53929,2024-02-07,4,210.29
1132,52765,2024-02-05,6,363.66
1234,54369,2024-05-07,7,302.05
1044,58307,2024-04-06,9,223.91
1248,54956,2024-05-20,1,239.11
1030,50692,2024-02-06,8,302.95
1022,53162,2024-02-09,8,52.64
1159,51105,2024-02-06,6,85.33
1157,53008,2024-01-10,4,446.57
1038,52161,2024-02-16,3,85.05
1081,58345,2024-06-04,3,368.06
1257,53699,2024-04-19,6,464.02
1205,53786,2024-03-25,8,171.81
1076,59256,2024-03-14,7,216.72
1011,54200,2024-05-26,1,306.01
1294,51913,2024-01-02,6,446.77
1223,59408,2024-02-18,7,473.86
1012,55520,2024-05-05,7,382.8
1045,51772,2024-01-23,9,88.98
1154,52780,2024-05-05,5,351.12
1112,57423,2024-01-16,1,234.64
1232,52871,2024-05-01,2,261.82
1016,50660,2024-03-21,4,72.12
1222,56242,2024-04-12,5,135.98
1187,51132,2024-05-12,9,405.73
1162,50699,2024-01-24,1,254.28
1073,57470,2024-02-26,3,185.75
1232,56297,2024-05-07,5,222.81
1223,57812,2024-01-26,3,434.48
1059,54557,2024-01-04,4,387.05
1221,52179,2024-06-28,3,172.54
1036,59065,2024-03-10,4,102.88
1277,58275,2024-04-06,1,163.4
1195,51422,2024-02-11,8,464.34
1241,53180,2024-03-07,4,311.71
1218,54316,2024-05-07,7,290.07
1191,56696,2024-02-12,2,318.38
1016,59583,2024-06-12,2,214.71
1011,50614,2024-06-15,6,413.2
1192,54570,2024-02-19,2,285.48
1021,50270,2024-06-04,6,102.54
1119,52468,2024-01-23,2,108.08
1209,59582,2024-04-21,4,291.59
1269,53607,2024-01-21,7,471.46
1191,53075,2024-05-31,8,188.76
1174,50289,2024-05-01,3,441.29
1284,58120,2024-01-17,9,393.84
1203,56614,2024-01-21,2,161.52
1163,53252,2024-01-24,8,66.35
1250,57415,2024-05-04,8,95.83
1226,56771,2024-05-18,4,377.82
1006,50278,2024-05-17,1,139.85
1028,50580,2024-04-06,1,217.07
1032,54958,2024-02-04,2,275.76
1133,58445,2024-01-03,9,376.46
1078,54276,2024-02-23,2,100.95
1057,57997,2024-05-14,2,232.86
1025,54776,2024-05-22,6,268.28
1225,50824,2024-03-14,7,293.37
1284,53832,2024-04-18,7,418.26
1003,58891,2024-05-30,9,127.26
1098,55445,2024-06-19,6,413.52
1038,51380,2024-04-25,8,361.8
1270,59865,2024-02-20,6,300.14
1284,56534,2024-01-08,2,364.79
1156,53156,2024-02-25,1,235.41
1074,54307,2024-02-06,5,112.28
1287,55634,2024-06-04,9,349.59
1129,58575,2024-04-13,8,286.1
1174,55810,2024-02-01,4,337.72
1083,58533,2024-01-12,5,202.1
1021,55934,2024-05-05,5,458.09
1026,53109,2024-01-20,6,314.32
1194,54082,2024-02-01,3,88.43
1235,53240,2024-03-23,5,252.41
1091,56028,2024-02-06,2,390.36
1020,51849,2024-06-17,1,407.36
1083,58497,2024-02-10,1,272.57
1261,52749,2024-05-26,7,452.64
1146,56680,2024-04-01,2,170.45
1256,59327,2024-05-28,4,234.77
1057,50205,2024-01-13,5,454.37
1014,57352,2024-01-25,7,453.32
1161,54591,2024-04-03,2,358.57
1162,53450,2024-04-15,6,436.54
1280,57214,2024-05-03,1,89.95
1279,53811,2024-01-24,7,439.25
1011,55141,2024-03-01,9,194.28
1273,58501,2024-01-30,5,130.25
1270,52708,2024-04-10,5,157.72
1207,51991,2024-01-26,4,238.09
1026,58463,2024-03-01,3,163.04
1071,53273,2024-01-26,9,194.26
1059,54538,2024-05-04,5,110.74
1144,58712,2024-02-23,8,183.28
1092,59168,2024-06-18,9,307.53
1007,53722,2024-01-13,5,248.83
1078,53551,2024-05-22,9,206.02
1026,52832,2024-04-03,2,385.9
1173,55679,2024-01-20,9,452.08
1049,56579,2024-01-30,4,390.56
1198,50152,2024-05-26,6,199.4
1180,55754,2024-03-21,6,385.0
1023,52800,2024-03-07,6,118.39
1045,55310,2024-05-07,2,108.64
1014,59944,2024-02-25,7,205.53
1152,52610,2024-01-14,6,413.47
1221,51104,2024-04-02,1,160.86
1205,57361,2024-04-28,2,78.46
1272,54199,2024-06-21,7,109.27
1235,53854,2024-03-25,1,436.44
1227,57263,2024-02-04,1,335.2
1008,51914,2024-05-01,1,163.94
1165,57365,2024-06-15,8,299.88
1213,53072,2024-01-29,4,287.41
1116,59198,2024-02-19,4,344.95
1071,50406,2024-06-24,2,154.93
1063,50166,2024-02-22,1,438.98
1204,50508,2024-04-24,9,189.22
1208,51661,2024-05-24,7,362.36
1071,53664,2024-03-31,4,57.26
1276,53489,2024-04-17,6,217.7
1273,50680,2024-06-19,2,208.27
1094,52524,2024-04-25,7,294.57
1165,52120,2024-02-21,2,82.73
1031,55260,2024-03-01,8,405.56
1010,54357,2024-03-05,8,148.0
1216,51363,2024-04-10,1,354.67
1288,59523,2024-04-17,8,411.45
1101,52292,2024-05-20,2,302.84
1266,51538,2024-03-15,6,383.4
1213,53408,2024-01-09,1,347.84
1178,57742,2024-06-11,5,209.99
1087,58752,2024-03-06,7,413.99
1040,59291,2024-05-20,1,182.62
1075,51903,2024-02-12,2,307.05
1045,50174,2024-05-09,7,385.43
1159,52230,2024-06-14,6,220.53
1079,54287,2024-04-26,3,186.25
1085,54160,2024-01-24,2,256.71
1091,57106,2024-02-11,4,418.08
1147,59689,2024-05-17,3,468.46
1160,53171,2024-06-06,7,295.29
1201,51567,2024-06-20,8,347.66
1241,51151,2024-01-06,2,456.47
1001,57619,2024-06-16,7,94.35
1224,56033,2024-01-06,8,154.44
1288,58560,2024-01-15,6,369.01
1232,54946,2024-05-26,6,420.69
1076,58234,2024-06-27,1,435.66
1115,51907,2024-01-23,4,236.8
1153,53490,2024-06-26,1,90.2
1102,52535,2024-03-30,4,247.0
1193,54173,2024-05-26,2,153.83
1165,51293,2024-06-03,5,181.04
1089,54769,2024-03-14,9,397.52
1173,54796,2024-02-22,3,83.99
1121,56871,2024-06-24,8,422.41
1142,52972,2024-04-30,3,242.45
1105,53922,2024-02-27,6,318.23
1122,54997,2024-05-08,4,90.34
1008,57032,2024-03-31,8,201.81
1261,50992,2024-01-20,6,90.37
1072,58112,2024-03-31,8,482.69
1222,55287,2024-03-25,1,413.27
1040,52240,2024-03-23,6,256.83
1203,51476,2024-03-24,1,150.62
1263,56426,2024-04-25,1,470.05
1177,50389,2024-01-02,8,205.07
1083,50999,2024-03-09,7,122.44
1110,51855,2024-03-06,3,303.42
1250,58125,2024-03-17,6,474.7
1006,58850,2024-01-07,9,51.72
1083,52763,2024-04-21,7,157.16
1207,53663,2024-05-06,3,472.3
1021,54986,2024-02-14,6,126.99
1002,51481,2024-01-19,4,100.96
1126,57256,2024-05-31,3,306.58
1296,53731,2024-04-13,9,437.83
1187,57262,2024-03-05,2,264.7
1013,50451,2024-01-10,1,497.55
1011,59729,2024-03-02,2,355.63
1086,53093,2024-01-07,7,83.33
1011,50882,2024-02-06,1,496.77
1024,54408,2024-01-16,6,233.55
1242,54068,2024-05-21,7,179.33
1121,53277,2024-01-27,9,301.05
1146,58566,2024-01-15,8,186.94
1054,57951,2024-03-15,6,88.91
1237,54690,2024-04-13,3,50.64
1172,54595,2024-01-18,8,252.31
1220,54559,2024-01-20,7,426.59
1118,57291,2024-01-24,3,307.54
1182,58160,2024-04-17,9,499.64
1287,50112,2024-01-28,2,179.08
1299,55131,2024-05-06,3,176.2
1081,53197,2024-03-10,2,121.89
1210,50139,2024-03-21,1,123.83
1149,51424,2024-03-14,4,178.33
1036,52949,2024-04-27,5,406.78
1058,53168,2024-03-03,6,457.59
1130,58708,2024-04-27,5,488.79
1201,56043,2024-03-09,1,154.53
1242,56989,2024-05-14,3,446.58
1034,57236,2024-06-08,1,197.71
1092,56261,2024-01-18,5,100.78
1206,50887,2024-04-10,5,441.51
1212,53104,2024-06-15,6,336.25
1158,50049,2024-03-02,8,124.13
1023,53951,2024-05-13,1,243.42
1292,53560,2024-05-18,4,179.27
1003,50018,2024-05-01,1,381.56
1219,54821,2024-01-06,9,254.04
1019,56340,2024-01-25,7,495.18
1151,58058,2024-04-04,7,74.64
1049,59665,2024-03-21,5,209.76
1176,52606,2024-02-02,7,266.86
1095,57846,2024-06-21,2,276.41
1104,58643,2024-01-06,4,192.17
1249,56432,2024-06-20,7,378.16
1116,53765,2024-01-06,3,443.64
1227,52438,2024-03-15,2,472.42
1065,59741,2024-06-28,2,412.29
1261,56358,2024-05-01,1,432.76
1294,58319,2024-06-06,5,297.75
1242,55941,2024-01-31,6,421.65
1185,57644,2024-01-22,6,186.58
1245,54855,2024-04-24,9,229.32
1124,56547,2024-06-21,4,192.61
1267,57196,2024-03-30,1,260.32
1130,55911,2024-05-17,6,178.51
1236,56481,2024-02-03,5,482.73
1017,52761,2024-06-05,6,190.78
1039,54456,2024-03-15,3,94.12
1020,59607,2024-06-19,2,287.07
1224,56361,2024-03-04,6,75.69
1281,55693,2024-04-11,1,99.74
1007,55788,2024-04-24,7,148.73
1099,50201,2024-04-10,7,258.96
1239,56160,2024-06-15,7,244.96
1086,50517,2024-04-21,1,409.86
1297,57737,2024-01-03,4,382.76
1013,59533,2024-03-31,7,241.84
1001,51988,2024-03-05,9,200.17
1292,53802,2024-06-02,5,192.41
1040,55808,2024-02-26,2,398.3
1110,57162,2024-01-23,7,73.43
1013,56241,2024-04-14,1,55.77
1230,58399,2024-02-22,7,407.99
1083,55633,2024-04-20,6,264.72
1129,55755,2024-01-05,7,108.9
1230,56309,2024-02-09,3,156.0
1144,54117,2024-02-06,3,469.63
1027,58345,2024-02-19,7,436.78
1065,51518,2024-03-07,2,369.4
1162,56163,2024-06-17,1,267.0
1228,52600,2024-03-09,9,284.15
1260,52195,2024-04-27,9,488.86
1163,53554,2024-02-10,7,484.6
1286,52849,2024-02-15,7,146.87
1009,51742,2024-06-08,3,415.0
1194,51306,2024-05-23,2,138.76
1117,53849,2024-03-14,7,146.09
1269,57519,2024-05-06,9,354.24
1079,54195,2024-03-22,1,232.25
1092,55178,2024-01-17,4,469.19
1265,52555,2024-04-19,6,90.05
1256,52305,2024-02-20,7,280.19
1132,57619,2024-05-11,7,463.33
1275,59280,2024-06-15,2,456.85
1263,52642,2024-05-14,4,120.44
1170,59369,2024-03-26,5,214.99
1000,56409,2024-06-09,1,328.6
1063,54757,2024-03-25,1,121.73
1283,52994,2024-01-22,3,485.61
1120,58751,2024-01-17,3,461.64
1106,51271,2024-02-24,8,125.13
1174,51813,2024-06-19,9,104.52
1203,58801,2024-06-28,1,88.43
1164,52461,2024-01-29,2,459.25
1119,54120,2024-05-30,2,137.13
1043,56124,2024-06-10,4,237.33
1155,58475,2024-02-19,2,251.98
1206,54396,2024-02-07,7,319.55
1107,59283,2024-04-08,9,82.28
1250,50816,2024-03-18,7,152.04
1129,57304,2024-04-20,6,469.17
1292,57331,2024-05-26,1,458.78
1019,50082,2024-03-25,9,401.58
1281,51920,2024-02-08,5,58.73
1284,57817,2024-06-22,5,197.15
1000,52093,2024-06-24,6,332.58
1118,57071,2024-02-07,9,173.84
1034,57967,2024-03-13,8,459.31
1197,58367,2024-03-27,8,335.25
1244,55285,2024-01-16,8,82.36
1058,54937,2024-03-01,1,459.05
1160,50369,2024-02-18,1,480.99
1178,51818,2024-04-20,8,84.97
1205,52101,2024-06-18,5,289.56
1011,53490,2024-02-18,9,186.51
1275,51779,2024-02-12,2,226.78
1180,57674,2024-02-07,9,130.84
1241,51364,2024-06-26,8,310.13
1215,57294,2024-04-01,9,481.09
1250,53676,2024-05-23,4,276.38
1298,52426,2024-04-28,1,87.31
1125,58264,2024-03-09,1,329.0
1216,58089,2024-02-18,5,203.1
1284,52962,2024-04-08,2,435.17
1184,50859,2024-01-26,8,245.61
1038,54138,2024-02-24,5,136.78
1222,52424,2024-03-22,5,136.0
1183,59256,2024-03-10,2,395.94
1177,54017,2024-03-30,7,169.51
1293,58560,2024-06-03,8,395.26
1150,58342,2024-04-07,1,142.65
1125,51134,2024-05-06,2,194.76
1233,55166,2024-02-28,4,259.47
1007,55119,2024-02-26,5,474.44
1128,55694,2024-04-27,2,469.28
1263,56136,2024-03-12,1,143.09
1156,55485,2024-02-25,9,211.2
1004,54164,2024-06-07,1,117.23
1085,52346,2024-02-27,4,279.49
1174,55039,2024-04-13,2,257.26
1289,54897,2024-06-14,4,455.34
1192,58252,2024-02-10,8,468.5
1118,55041,2024-06-06,8,222.61
1217,53901,2024-02-24,9,271.28
1113,51337,2024-06-06,5,453.31
1144,51184,2024-01-31,7,413.02
1025,54426,2024-04-19,3,51.65
1135,51551,2024-05-05,4,194.03
1231,51629,2024-04-21,9,239.8
1075,59519,2024-03-16,1,153.37
1288,51526,2024-03-06,2,139.81
1000,59865,2024-02-14,5,67.0
1146,51361,2024-06-03,3,339.52
1286,59765,2024-06-11,2,168.13
1141,54370,2024-02-23,1,73.56
1052,55283,2024-01-31,3,153.94
1068,57610,2024-01-15,1,410.86
1089,51993,2024-05-10,1,433.17
1219,50869,2024-05-24,1,267.38
1191,51014,2024-06-03,8,237.23
1062,50602,2024-04-03,3,490.03
1072,50690,2024-04-08,1,140.25
1160,58685,2024-03-27,7,146.91
1168,50489,2024-01-07,3,181.34
1088,56864,2024-02-27,8,127.74
1175,57240,2024-01-31,4,220.71
1268,57786,2024-02-18,4,459.88
1072,58024,2024-04-12,5,326.91
1244,50294,2024-06-23,6,235.38
1076,55488,2024-03-22,7,470.48
1158,54027,2024-06-15,4,71.81
1097,52912,2024-03-24,8,144.62
1101,59909,2024-03-25,6,304.65
1131,54744,2024-05-10,1,327.0
1101,51873,2024-02-01,1,67.8
1018,53258,2024-02-23,9,231.37
1081,52817,2024-06-18,6,342.12
1278,58636,2024-03-26,8,364.13
1128,53641,2024-05-03,7,337.16
1088,54458,2024-01-08,6,194.25
1212,55307,2024-05-05,4,92.08
1142,58933,2024-06-09,7,242.2
1064,52041,2024-02-16,9,107.94
1075,50679,2024-03-19,7,476.43
1198,55738,2024-03-23,1,263.83
1142,55668,2024-02-27,9,192.77
1092,59550,2024-01-29,4,394.84
1223,57697,2024-05-05,3,274.08
1290,58033,2024-03-22,4,189.52
1101,50062,2024-02-08,4,415.39
1266,57829,2024-05-24,2,440.22
1109,57352,2024-02-29,1,352.85
1264,56915,2024-01-01,1,71.13
1002,58326,2024-03-20,8,304.85
1084,53644,2024-04-19,2,393.48
1281,54970,2024-02-12,5,111.43
1116,58003,2024-01-02,4,152.9
1220,53278,2024-01-04,8,447.12
1153,57296,2024-06-08,2,59.05
1152,59014,2024-06-23,9,388.73
1011,53074,2024-04-09,7,263.2
1132,58312,2024-02-04,7,251.05
1292,57552,2024-05-16,1,53.19
1299,51637,2024-04-10,2,418.73
1227,55103,2024-03-16,4,211.92
1270,59116,2024-03-09,4,293.34
1042,50644,2024-01-09,3,354.79
1020,52032,2024-01-15,7,366.18
1106,52761,2024-04-09,8,480.19
1116,52068,2024-06-28,2,289.1
1123,50241,2024-06-15,4,229.87
1280,52668,2024-04-26,3,479.17
1291,50802,2024-03-13,2,338.95
1202,55059,2024-05-23,6,184.17
1050,50195,2024-05-23,4,106.91
1270,52187,2024-03-11,6,429.15
1276,52330,2024-04-17,2,212.98
1140,54841,2024-01-17,4,347.21
1274,53606,2024-03-24,6,261.87
1289,58468,2024-05-31,5,139.52
1051,50060,2024-06-25,3,320.76
1026,53927,2024-06-27,8,77.31
1156,56296,2024-01-05,7,236.0
1238,52591,2024-01-07,3,295.98
1155,58758,2024-04-23,6,246.22
1290,59763,2024-01-06,4,386.9
1135,56121,2024-01-18,5,422.57
1143,51200,2024-03-08,5,397.06
1105,52854,2024-05-01,7,67.47
1157,57024,2024-01-24,5,137.36
1145,59428,2024-05-15,3,291.47
1001,56972,2024-06-02,5,470.67
1076,50136,2024-01-06,7,425.73
1131,51029,2024-04-13,5,429.14
1089,52594,2024-01-07,5,186.44
1262,57206,2024-02-05,9,243.25
1107,50661,2024-03-24,3,261.82
1073,52472,2024-03-23,6,120.82
1038,50086,2024-03-26,1,63.98
1158,56219,2024-02-14,5,476.11
1070,58143,2024-05-23,8,158.32
1240,56968,2024-02-09,5,157.98
1297,52773,2024-05-25,9,87.52
1035,51700,2024-02-18,6,467.83
1083,52700,2024-02-09,8,310.88
1262,56815,2024-05-25,8,350.17
1171,51647,2024-04-09,3,460.21
1172,56038,2024-05-04,7,205.53
1046,55164,2024-06-16,7,329.68
1140,55520,2024-03-03,6,67.46
1117,53687,2024-05-12,7,134.05
1276,50596,2024-05-27,2,424.06
1213,54545,2024-05-18,9,395.05
1219,58676,2024-04-28,1,207.79
1025,58837,2024-06-13,1,219.56
1008,54757,2024-03-15,3,290.1
1270,54384,2024-03-31,3,50.11
1009,58912,2024-01-23,1,158.56
1120,54733,2024-06-16,7,143.7
1124,57081,2024-02-21,4,162.72
1169,58690,2024-01-12,2,412.66
1071,57117,2024-02-13,5,175.85
1151,54729,2024-04-24,6,136.18
1207,51673,2024-04-24,9,276.92
1048,58306,2024-02-07,4,439.54
1153,59928,2024-02-09,2,158.61
1292,57178,2024-04-06,5,85.34
1067,52294,2024-05-22,3,210.38
1049,53630,2024-02-17,2,386.44
1151,50146,2024-01-06,1,297.81
1018,53453,2024-05-31,2,417.56
1099,54507,2024-06-09,6,481.82
1059,55783,2024-05-31,8,406.7
1166,57751,2024-03-29,3,321.71
1201,55628,2024-04-26,9,272.0
1145,58328,2024-04-12,9,68.03
1163,53360,2024-06-07,2,492.94
1241,53005,2024-02-20,8,222.57
1068,53552,2024-01-12,5,118.5
1174,50018,2024-06-11,4,350.02
1048,52242,2024-01-30,5,177.93
1107,56318,2024-06-03,4,313.6
1225,55097,2024-04-28,8,314.05
1160,58640,2024-06-12,4,250.58
1118,51948,2024-03-04,6,426.25
1148,59137,2024-05-27,2,169.24
1149,55618,2024-02-27,5,251.88
1292,54236,2024-05-31,6,291.96
1142,56901,2024-04-10,5,348.63
1159,51920,2024-06-11,2,402.79
1010,54188,2024-05-24,7,227.66
1137,50238,2024-03-04,4,340.72
1077,50204,2024-01-30,8,117.77
1076,55552,2024-02-02,7,469.69
1253,54927,2024-01-25,7,222.38
1257,54390,2024-06-29,9,378.28
1290,52687,2024-04-15,1,59.15
1262,54951,2024-04-22,6,142.33
1084,56160,2024-04-19,6,269.19
1145,55388,2024-06-17,6,445.21
1041,59540,2024-04-17,6,287.26
1124,55126,2024-02-01,7,468.44
1166,50816,2024-03-04,6,267.71
1240,59012,2024-04-05,1,270.7
1279,50192,2024-02-26,3,103.89
1187,51776,2024-01-01,2,411.2
1018,53645,2024-01-30,6,161.13
1067,56314,2024-03-24,8,454.83
1217,58442,2024-06-13,3,459.87
1101,51788,2024-02-15,8,474.49
1041,57374,2024-01-08,8,284.1
1287,53700,2024-04-19,5,354.69
1166,59359,2024-04-04,8,400.33
1108,53893,2024-05-21,6,108.96
1035,56811,2024-03-20,5,320.43
1231,59288,2024-03-18,9,65.43
1228,52679,2024-05-08,7,273.9
1163,53904,2024-01-31,8,119.68
1072,57260,2024-02-11,1,132.32
1135,50504,2024-03-25,2,214.27
1069,59813,2024-04-04,8,244.6
1195,59579,2024-02-17,9,330.43
1268,56773,2024-03-03,4,83.49
1048,53816,2024-04-23,9,276.66
1129,50717,2024-02-24,4,132.18
1004,54434,2024-02-22,9,308.29
1026,50658,2024-02-26,7,336.83
1159,55057,2024-05-14,2,300.52
1148,54008,2024-02-01,9,382.23
1263,54994,2024-06-20,4,201.02
1229,54234,2024-04-21,8,394.3
1199,53764,2024-01-17,7,244.75
1049,54637,2024-05-04,7,267.88
1066,52104,2024-03-31,8,341.65
1299,59447,2024-06-06,1,58.26
1057,56801,2024-01-20,5,344.3
1258,58575,2024-02-08,2,328.36
1129,52607,2024-02-26,2,189.43
1214,58385,2024-03-30,1,88.61
1171,53719,2024-03-08,5,90.92
1257,52581,2024-03-29,2,465.45
1101,52565,2024-02-14,4,360.18
1208,52763,2024-05-01,3,107.2
1290,56328,2024-05-04,3,210.53
1285,55991,2024-02-04,2,316.62
1115,53406,2024-06-03,6,426.01
1263,58923,2024-03-30,2,69.65
1149,54780,2024-04-23,8,156.48
1299,54177,2024-03-20,8,450.39
1035,56476,2024-01-16,5,54.12
1286,52604,2024-03-18,7,140.63
1207,58181,2024-06-12,4,481.56
1105,52382,2024-01-04,1,326.03
1157,50531,2024-02-17,2,167.75
1120,56079,2024-06-10,4,80.15
1054,50634,2024-04-27,1,62.69
1011,59961,2024-04-20,8,160.14
1144,50002,2024-04-23,9,446.67
1135,58397,2024-03-05,4,237.16
1002,55951,2024-04-23,3,374.15
1143,55626,2024-03-18,2,463.23
1029,57739,2024-01-22,5,233.62
1236,56003,2024-06-18,3,136.07
1278,52890,2024-01-26,7,282.7
1114,56239,2024-06-25,6,458.64
1103,58026,2024-04-21,1,411.97
1117,53306,2024-03-02,8,79.62
1004,50897,2024-02-19,2,361.66
1247,59277,2024-01-19,5,307.35
1120,59471,2024-04-02,9,458.36
1285,50670,2024-05-20,8,105.12
1148,57291,2024-02-24,2,290.32
1083,51505,2024-06-29,9,445.76
1230,56460,2024-04-06,5,234.51
1287,55167,2024-01-18,6,266.9
1160,55255,2024-03-03,3,81.71
1271,50249,2024-03-15,3,175.16
1037,56457,2024-01-14,8,196.03
1225,51892,2024-04-27,2,475.31
1141,53439,2024-05-03,2,177.2
1291,52854,2024-02-04,5,257.39
1150,59695,2024-02-12,6,352.09
1113,53792,2024-06-25,2,122.98
1236,55330,2024-06-27,5,268.9
1065,57871,2024-05-12,7,382.34
1257,58235,2024-05-16,8,440.08
1248,53612,2024-03-17,7,331.82
1179,52618,2024-01-22,8,351.07
1189,54678,2024-01-27,9,106.83
1153,53163,2024-04-18,5,475.6
1195,59480,2024-05-25,5,109.66
1261,52942,2024-06-03,4,398.6
1142,58411,2024-02-14,9,169.17
1100,51925,2024-02-17,5,470.12
1243,52972,2024-06-05,2,373.98
1011,50990,2024-05-26,8,389.22
1238,51812,2024-04-29,7,148.58
1048,58995,2024-05-08,8,249.37
1041,50489,2024-04-29,3,328.02
1165,55876,2024-06-24,4,396.49
1081,59685,2024-06-25,5,96.78
1290,53645,2024-01-15,6,483.06
1157,57081,2024-01-22,1,450.6
1215,52891,2024-01-27,4,171.66
1157,59897,2024-06-17,5,420.24
1133,53516,2024-01-14,7,283.25
1066,53340,2024-04-06,5,257.81
1006,56410,2024-05-09,1,191.5
1013,50053,2024-06-23,7,311.44
1072,52575,2024-02-28,8,378.45
1162,50615,2024-01-26,7,234.92
1065,55944,2024-01-06,4,333.15
1129,57404,2024-04-04,8,364.69
1205,50954,2024-01-27,5,370.0
1275,51629,2024-03-21,9,73.38
1255,56859,2024-05-28,5,436.89
1265,58841,2024-03-30,1,256.21
1024,53278,2024-03-17,9,168.09
1280,55455,2024-05-30,5,158.79
1252,53801,2024-01-22,6,267.36
1288,52561,2024-02-21,4,449.07
1163,56539,2024-05-24,6,220.26
1094,50370,2024-05-24,8,387.38
1269,50857,2024-01-15,3,93.57
1109,54886,2024-02-14,5,264.23
1237,57485,2024-03-25,2,496.26
1024,50383,2024-02-19,2,396.7
1140,54334,2024-05-05,7,144.74
1116,54290,2024-02-06,6,275.65
1024,52725,2024-02-12,4,155.13
1078,56204,2024-06-20,5,234.3
1067,56111,2024-05-30,1,401.04
1172,54251,2024-03-17,7,397.05
1011,50922,2024-04-23,8,152.65
1287,52915,2024-06-16,9,465.0
1127,57957,2024-02-15,8,316.66
1095,53046,2024-03-29,5,220.97
1091,59166,2024-02-17,3,275.87
1140,51230,2024-03-28,9,322.28
1030,57647,2024-01-07,6,301.95
1019,54933,2024-05-12,5,268.88
1145,59555,2024-05-19,3,277.22
1159,53940,2024-04-13,6,129.39
1042,56483,2024-04-21,3,415.73
1253,50203,2024-05-29,6,293.79
1129,50160,2024-05-29,4,108.99
1059,58960,2024-03-20,2,394.77
1150,53748,2024-02-17,8,469.6
1286,56718,2024-06-13,4,476.29
1004,52581,2024-05-13,9,216.06
1265,51093,2024-04-27,7,110.98
1129,54500,2024-05-24,2,283.28
1266,58799,2024-05-01,4,100.67
1177,55710,2024-04-10,5,470.29
1252,59732,2024-05-04,3,132.61
1055,52875,2024-03-01,9,163.74
1082,53191,2024-06-20,5,232.99
1098,51837,2024-03-22,2,222.42
1148,50689,2024-03-14,3,407.6
1155,53759,2024-06-19,9,255.34
1189,52103,2024-03-14,7,126.85
1262,50365,2024-02-26,2,170.24
1079,58092,2024-04-24,9,279.1
1251,54172,2024-06-23,4,116.35
1096,56033,2024-02-03,9,325.25
1259,52378,2024-02-06,2,304.59
